dataset,full_delta_pp,excluded_letter,excluded_letter_delta_pp,excluded_letter_n,residual_n,residual_delta_pp,residual_ci_lo,residual_ci_hi,residual_mcnemar_b,residual_mcnemar_c,residual_mcnemar_p,same_direction_as_full,still_significant_at_05,seed
ToMBench,13.657957244655572,D,40.666666666666664,150,692,7.803468208092482,4.029850746268664,11.516055459101787,59,113,4.65489376895322e-05,True,True,42
ToMBench,13.895486935866973,D,40.0,150,692,8.236994219653184,4.479548038903197,11.824817518248175,57,114,1.559612370558935e-05,True,True,43
ToMBench,14.48931116389548,D,40.0,150,692,8.959537572254334,5.278572010426838,12.553526245093037,54,116,2.258752423377277e-06,True,True,44
ToMBench,14.014251781472675,D,41.33333333333333,150,692,8.09248554913296,4.360465116279073,11.78222590875619,60,116,2.931342775387957e-05,True,True,45
ToMBench,15.55819477434679,D,42.66666666666667,150,692,9.682080924855498,6.000000000000014,13.323572474377741,53,120,3.7812303722229655e-07,True,True,46
ToMi,6.699999999999995,D,26.294820717131472,251,749,0.13351134846462287,-3.243330993330992,3.5374461711289933,81,82,1.0,True,False,42
ToMi,11.399999999999999,D,27.091633466135455,251,749,6.141522029372496,2.9450153555398004,9.387832798093854,52,98,0.00021507659441552787,True,True,43
ToMi,7.499999999999996,D,26.693227091633464,251,749,1.0680907877169687,-2.475959857175912,4.600811907983754,77,85,0.5824757301133331,True,False,44
ToMi,10.299999999999997,D,29.482071713147405,251,749,3.871829105473978,0.3951794156397732,7.43702734752895,69,98,0.029951223196102755,True,True,45
ToMi,9.399999999999997,D,26.693227091633464,251,749,3.604806408544732,0.26594861687998694,7.029411091267105,63,90,0.035211020179808955,True,True,46
OpenToM,-3.9000000000000035,B,-8.877721943048577,597,403,3.4739454094292803,-0.24271844660194128,7.161125319693095,22,36,0.08694889972991102,False,False,42
OpenToM,0.5000000000000004,C,-4.761904761904762,105,895,1.1173184357541857,-0.4576659038901596,2.726355759477705,21,31,0.21160856876151612,True,False,43
OpenToM,-0.5000000000000004,A,9.395973154362414,298,702,-4.7008547008547055,-7.162931409162621,-2.342500417890966,55,22,0.00021680385841747662,True,True,44
OpenToM,1.100000000000001,A,3.0201342281879207,298,702,0.2849002849002744,-1.7094017094017175,2.2026735112438005,23,25,0.8854334972865135,True,False,45
OpenToM,0.0,C,-4.761904761904762,105,895,0.5586592178770928,-1.1198208286674003,2.2574153134392803,26,31,0.5966417603730826,False,False,46
SocialIQa,-6.000000000000005,C,-11.594202898550721,345,655,-3.053435114503813,-6.5950920245398805,0.606980273141119,82,62,0.11303096428191356,True,False,42
SocialIQa,-5.400000000000005,C,-9.85507246376811,345,655,-3.053435114503813,-6.849315068493155,0.6051896354215739,86,66,0.12300910631534787,True,False,43
SocialIQa,-5.500000000000005,C,-10.14492753623188,345,655,-3.053435114503813,-6.717557251908403,0.6106870229007626,84,64,0.11803924678172613,True,False,44
SocialIQa,-4.600000000000004,A,-9.034267912772586,321,679,-2.5036818851251823,-6.203840472673562,1.178203240058906,87,70,0.2014742324100292,True,False,45
SocialIQa,-4.900000000000004,C,-8.1159420289855,345,655,-3.206106870229007,-6.880733944954116,0.6088280060882741,86,65,0.10330013644772958,True,False,46
HiToM,-0.10000000000000009,E,-16.666666666666664,192,808,3.8366336633663423,0.6289308176100686,7.098570123020576,74,105,0.024668917932819407,False,True,42
HiToM,1.4000000000000012,D,13.440860215053762,186,814,-1.3513513513513473,-5.071589855669581,2.3346901756955294,107,96,0.48285744431778277,False,False,43
HiToM,1.4000000000000012,E,-17.708333333333332,192,808,5.940594059405939,2.7672086849341055,9.189876146952132,66,114,0.0004284359145340105,True,True,44
HiToM,1.8000000000000016,E,-14.583333333333334,192,808,5.6930693069306955,2.3167647793635386,8.97763177008935,69,115,0.0008597408292289972,True,True,45
HiToM,0.20000000000000018,E,-20.833333333333332,192,808,5.198019801980195,2.1038953787220565,8.303038606747057,62,104,0.0013880533620919007,True,True,46
