dataset,seed,n_items,overall_delta_pp,position_gap_pp,permutation_p,significant_at_05
ToMBench,42,842,13.657957244655572,40.10169491525423,0.0001999600079984003,True
ToMBench,43,842,13.895486935866973,33.5593220338983,0.0001999600079984003,True
ToMBench,44,842,14.48931116389548,35.48022598870056,0.0001999600079984003,True
ToMBench,45,842,14.014251781472675,45.28813559322033,0.0001999600079984003,True
ToMBench,46,842,15.55819477434679,40.406779661016955,0.0001999600079984003,True
ToMi,42,1000,6.699999999999995,34.17863814451737,0.0001999600079984003,True
ToMi,43,1000,11.399999999999999,27.091633466135455,0.0001999600079984003,True
ToMi,44,1000,7.499999999999996,31.672480203666662,0.0001999600079984003,True
ToMi,45,1000,10.299999999999997,35.2912003438528,0.0001999600079984003,True
ToMi,46,1000,9.399999999999997,31.257542444330564,0.0001999600079984003,True
OpenToM,42,1000,-3.9000000000000035,15.25356086922307,0.0007998400319936012,True
OpenToM,43,1000,0.5000000000000004,6.104186641099391,0.05718856228754249,False
OpenToM,44,1000,-0.5000000000000004,14.157877916267175,0.0003999200159968006,True
OpenToM,45,1000,1.100000000000001,4.924896132949824,0.16216756648670266,False
OpenToM,46,1000,0.0,5.768616171300733,0.08558288342331534,False
SocialIQa,42,1000,-6.000000000000005,13.091208886574668,0.0013997200559888023,True
SocialIQa,43,1000,-5.400000000000005,12.549683242211216,0.001999600079984003,True
SocialIQa,44,1000,-5.500000000000005,12.240735919465411,0.002599480103979204,True
SocialIQa,45,1000,-4.600000000000004,12.028279888820482,0.004399120175964807,True
SocialIQa,46,1000,-4.900000000000004,9.31354681940466,0.03579284143171366,True
HiToM,42,1000,-0.10000000000000009,27.77777777777777,0.0001999600079984003,True
HiToM,43,1000,1.4000000000000012,19.69086021505376,0.0003999200159968006,True
HiToM,44,1000,1.4000000000000012,27.46443089430894,0.0001999600079984003,True
HiToM,45,1000,1.8000000000000016,26.411290322580648,0.0001999600079984003,True
HiToM,46,1000,0.20000000000000018,34.274193548387096,0.0001999600079984003,True
